generation,leftchild,rightchild,abstime,lambdainit,lambdashift,muinit,mushift
15001,Balaena_mysticetus,Physeter_catodon,0,0.132167,-0.0220205,0.011056,0
15001,Physeter_catodon,NA,24.8336,0.205319,-0.0461161,0.707851,0
15001,Orcaella_brevirostris,Lagenorhynchus_albirostris,25.8698,1.1533,-0.189728,0.221817,0
35001,Balaena_mysticetus,Physeter_catodon,0,0.195955,-0.0288973,0.0541625,0
35001,Orcaella_brevirostris,Lagenorhynchus_albirostris,25.793,1.28015,-0.248765,0.124309,0
55001,Balaena_mysticetus,Physeter_catodon,0,0.284183,-0.0380691,0.0495085,0
55001,Orcaella_brevirostris,Lagenorhynchus_albirostris,26.3822,1.90857,-0.226044,0.417425,0
75001,Balaena_mysticetus,Physeter_catodon,0,0.184226,-0.0246136,0.0164419,0
75001,Mesoplodon_hectori,Mesoplodon_densirostris,28.6897,0.739414,-0.418126,0.114232,0
75001,Orcaella_brevirostris,Lagenorhynchus_albirostris,26.1453,0.873798,-0.232527,0.0189067,0
95001,Balaena_mysticetus,Physeter_catodon,0,0.315823,-0.0456582,0.0605636,0
95001,Orcaella_brevirostris,Lagenorhynchus_albirostris,25.2424,0.693252,-0.175241,0.0230739,0
115001,Balaena_mysticetus,Physeter_catodon,0,0.182315,-0.0242329,0.0161886,0
115001,Kogia_breviceps,NA,33.7162,0.871149,-0.175144,1.5642,0
115001,Orcinus_orca,Orcaella_brevirostris,23.5064,0.818414,-0.12963,0.142221,0
135001,Balaena_mysticetus,Physeter_catodon,0,0.218462,-0.0430692,0.0151285,0
135001,Orcaella_brevirostris,Lagenorhynchus_albirostris,26.2515,0.732007,-0.196715,0.0590422,0
155001,Balaena_mysticetus,Physeter_catodon,0,0.266077,-0.0331314,0.0702997,0
155001,Balaenoptera_omurai,NA,34.353,0.368822,0.00592479,1.17494,0
155001,Lagenodelphis_hosei,NA,32.9479,0.0378066,-0.122979,0.413765,0
155001,Orcaella_brevirostris,Lagenorhynchus_albirostris,25.6869,0.933526,-0.182734,0.0805162,0
175001,Balaena_mysticetus,Physeter_catodon,0,0.136965,-0.021278,0.00640389,0
175001,Orcaella_brevirostris,Lagenorhynchus_albirostris,25.3632,2.28122,-0.193092,0.590424,0
195001,Balaena_mysticetus,Physeter_catodon,0,0.164152,-0.0212684,0.0363729,0
195001,Orcaella_brevirostris,Lagenorhynchus_albirostris,26.4116,0.843118,-0.229787,0.028306,0
215001,Balaena_mysticetus,Physeter_catodon,0,0.441759,-0.0428586,0.105906,0
215001,Platanista_gangetica,Platanista_minor,20.6941,0.362674,0.063311,0.61974,0
215001,Orcinus_orca,Orcaella_brevirostris,24.7044,0.779135,-0.11507,0.116181,0
235001,Balaena_mysticetus,Physeter_catodon,0,0.252835,-0.0442256,0.0232246,0
235001,Orcaella_brevirostris,Lagenorhynchus_albirostris,25.6009,1.10838,-0.171874,0.0168024,0
255001,Balaena_mysticetus,Physeter_catodon,0,0.116754,-0.0143934,0.00983234,0
255001,Cephalorhynchus_heavisidii,Lagenorhynchus_australis,33.6767,1.36324,-0.174951,0.542496,0
255001,Orcaella_brevirostris,Lagenorhynchus_albirostris,26.0826,0.384663,-0.0828477,0.147899,0
275001,Balaena_mysticetus,Physeter_catodon,0,0.206261,-0.0402987,0.0231867,0
275001,Orcaella_brevirostris,Lagenorhynchus_albirostris,26.1747,0.958724,-0.21045,0.151803,0
295001,Balaena_mysticetus,Physeter_catodon,0,0.323557,-0.0438918,0.0730182,0
295001,Orcinus_orca,Orcaella_brevirostris,23.5289,1.3515,-0.197958,0.118624,0
315001,Balaena_mysticetus,Physeter_catodon,0,0.162927,-0.0194117,0.0502763,0
315001,Orcinus_orca,NA,31.1712,0.323673,-0.165991,1.36197,0
315001,Orcinus_orca,Orcaella_brevirostris,23.5525,1.00703,-0.15786,0.0510761,0
335001,Balaena_mysticetus,Physeter_catodon,0,0.278339,-0.0223987,0.0773144,0
335001,Orcaella_brevirostris,Lagenorhynchus_albirostris,26.1507,0.754956,-0.145609,0.168194,0
355001,Balaena_mysticetus,Physeter_catodon,0,0.180719,-0.0304955,0.00776046,0
355001,Platanista_gangetica,Platanista_minor,28.9501,0.876474,0.0302766,1.20178,0
355001,Orcinus_orca,Orcaella_brevirostris,24.0908,0.661492,-0.136669,0.00959105,0
375001,Balaena_mysticetus,Physeter_catodon,0,0.203206,-0.0341655,0.0084809,0
375001,Orcaella_brevirostris,Lagenorhynchus_albirostris,26.2482,1.83629,-0.321693,0.0884469,0
395001,Balaena_mysticetus,Physeter_catodon,0,0.147972,-0.026946,0.000972731,0
395001,Orcaella_brevirostris,Lagenorhynchus_albirostris,26.1737,0.714563,-0.192741,0.0321487,0
415001,Balaena_mysticetus,Physeter_catodon,0,0.130631,-0.0195802,0.00643749,0
415001,Physeter_catodon,NA,25.3255,0.0816332,0.0417227,0.747409,0
415001,Orcinus_orca,Orcaella_brevirostris,24.405,1.3232,-0.27572,0.0051269,0
435001,Balaena_mysticetus,Physeter_catodon,0,0.192819,-0.0342936,0.0522131,0
435001,Orcaella_brevirostris,Lagenorhynchus_albirostris,26.3394,0.625663,-0.176854,0.0432145,0
455001,Balaena_mysticetus,Physeter_catodon,0,0.196002,-0.0252709,0.0678731,0
455001,Ziphius_cavirostris,Indopacetus_pacificus,19.2033,0.839187,-0.181955,0.0133287,0
455001,Orcinus_orca,Orcaella_brevirostris,24.6607,0.64612,-0.176576,0.0242276,0
475001,Balaena_mysticetus,Physeter_catodon,0,0.487394,-0.0504613,0.0998255,0
475001,Balaena_mysticetus,NA,29.6355,1.04207,-0.458915,0.652102,0
475001,Orcaella_brevirostris,Lagenorhynchus_albirostris,26.0927,0.397967,-0.12,0.0703377,0
495001,Balaena_mysticetus,Physeter_catodon,0,0.404658,-0.0446985,0.114656,0
495001,Physeter_catodon,NA,27.9331,0.771296,-0.0349501,1.50231,0
495001,Orcinus_orca,Orcaella_brevirostris,24.124,0.801854,-0.113578,0.306129,0
515001,Balaena_mysticetus,Physeter_catodon,0,0.509491,-0.0468151,0.168653,0
515001,Ziphius_cavirostris,Indopacetus_pacificus,19.6744,0.771404,-0.146287,0.123191,0
515001,Orcaella_brevirostris,Lagenorhynchus_albirostris,25.2622,1.25773,-0.208298,0.161447,0
535001,Balaena_mysticetus,Physeter_catodon,0,0.171502,-0.0278133,0.0217469,0
535001,Physeter_catodon,NA,29.7771,0.542645,-0.519894,0.435841,0
535001,Orcaella_brevirostris,Lagenorhynchus_albirostris,25.5928,1.08046,-0.237445,0.00686862,0
555001,Balaena_mysticetus,Physeter_catodon,0,0.341234,-0.0471911,0.0615071,0
555001,Orcinus_orca,Orcaella_brevirostris,24.4915,0.560621,-0.0917889,0.157407,0
575001,Balaena_mysticetus,Physeter_catodon,0,0.215447,-0.0420421,0.00431555,0
575001,Orcaella_brevirostris,Lagenorhynchus_albirostris,26.1449,1.12895,-0.247385,0.186347,0
595001,Balaena_mysticetus,Physeter_catodon,0,0.313496,-0.0362141,0.131894,0
595001,Ziphius_cavirostris,Indopacetus_pacificus,20.077,0.481805,-0.155597,0.0523284,0
595001,Orcaella_brevirostris,Lagenorhynchus_albirostris,25.514,0.867633,-0.146557,0.0252952,0
615001,Balaena_mysticetus,Physeter_catodon,0,0.234083,-0.038261,0.0251014,0
615001,Orcinus_orca,Orcaella_brevirostris,23.1904,1.36941,-0.17562,0.121944,0
635001,Balaena_mysticetus,Physeter_catodon,0,0.152873,-0.0214859,0.0344277,0
635001,Orcaella_brevirostris,Lagenorhynchus_albirostris,26.4161,1.05774,-0.183248,0.227539,0
655001,Balaena_mysticetus,Physeter_catodon,0,0.164942,-0.0126193,0.0768651,0
655001,Mesoplodon_grayi,NA,35.7642,0.5691,0.00208849,0.443149,0
655001,Orcinus_orca,Orcaella_brevirostris,25.1406,0.951101,-0.231669,0.0176309,0
675001,Balaena_mysticetus,Physeter_catodon,0,0.285076,-0.0441087,0.0845312,0
675001,Orcaella_brevirostris,Lagenorhynchus_albirostris,25.5805,0.854692,-0.124275,0.179013,0
695001,Balaena_mysticetus,Physeter_catodon,0,0.195326,-0.0403367,0.010662,0
695001,Tursiops_aduncus,NA,34.5621,0.0356993,-0.0179752,0.123813,0
695001,Orcinus_orca,Orcaella_brevirostris,23.8338,1.66724,-0.174431,0.286887,0
715001,Balaena_mysticetus,Physeter_catodon,0,0.316464,-0.0521163,0.00931044,0
715001,Orcaella_brevirostris,Lagenorhynchus_albirostris,25.9463,1.02485,-0.234127,0.0163254,0
735001,Balaena_mysticetus,Physeter_catodon,0,0.308789,-0.0523705,0.0469704,0
735001,Mesoplodon_ginkgodens,Mesoplodon_europaeus,25.7001,0.845238,-0.283181,0.0156333,0
735001,Hyperoodon_planifrons,NA,30.0834,0.177588,0.0744824,0.0239461,0
735001,Delphinapterus_leucas,Orcinus_orca,14.2476,0.532079,-0.0547979,0.0570159,0
755001,Balaena_mysticetus,Physeter_catodon,0,0.345091,-0.0489412,0.044146,0
755001,Orcinus_orca,Orcaella_brevirostris,24.0219,0.5949,-0.111864,0.0174673,0
775001,Balaena_mysticetus,Physeter_catodon,0,0.205713,-0.0325967,0.0592183,0
775001,Lipotes_vexillifer,NA,35.1386,1.09931,-0.166924,0.964217,0
775001,Orcaella_brevirostris,Lagenorhynchus_albirostris,25.2541,0.869992,-0.112475,0.160773,0
795001,Balaena_mysticetus,Physeter_catodon,0,0.281418,-0.0576101,0.0217805,0
795001,Delphinapterus_leucas,NA,30.8509,0.997271,-0.249152,1.26095,0
795001,Delphinapterus_leucas,Orcinus_orca,13.2923,0.752485,-0.0534506,0.150046,0
815001,Balaena_mysticetus,Physeter_catodon,0,0.221657,-0.0286552,0.0797661,0
815001,Orcinus_orca,Orcaella_brevirostris,19.4262,0.618077,-0.0740985,0.0900404,0
835001,Balaena_mysticetus,Physeter_catodon,0,0.243871,-0.0432793,0.00681506,0
835001,Orcaella_brevirostris,Lagenorhynchus_albirostris,26.1866,1.1892,-0.183491,0.245784,0
855001,Balaena_mysticetus,Physeter_catodon,0,0.190067,-0.0272199,0.0263621,0
855001,Lagenorhynchus_albirostris,Lagenorhynchus_acutus,26.7507,0.594328,-0.121385,0.0182461,0
875001,Balaena_mysticetus,Physeter_catodon,0,0.379706,-0.0473477,0.0740782,0
875001,Sousa_chinensis,Stenella_clymene,32.9709,1.21894,-0.205993,0.0513256,0
875001,Orcaella_brevirostris,Lagenorhynchus_albirostris,25.333,1.56941,-0.193481,0.36705,0
895001,Balaena_mysticetus,Physeter_catodon,0,0.321513,-0.0571858,0.058751,0
895001,Mesoplodon_traversii,Mesoplodon_ginkgodens,24.5241,0.788442,-0.283772,0.0298803,0
895001,Orcaella_brevirostris,Lagenorhynchus_albirostris,25.6387,1.53176,-0.241732,0.121739,0
915001,Balaena_mysticetus,Physeter_catodon,0,0.309932,-0.0350183,0.0807175,0
915001,Orcaella_brevirostris,Lagenorhynchus_albirostris,25.6266,0.57388,-0.132764,0.0225218,0
935001,Balaena_mysticetus,Physeter_catodon,0,0.390002,-0.0597733,0.0229538,0
935001,Orcaella_brevirostris,Lagenorhynchus_albirostris,25.6252,0.357605,-0.0993339,0.0154573,0
955001,Balaena_mysticetus,Physeter_catodon,0,0.439084,-0.050702,0.108149,0
955001,Orcaella_brevirostris,Lagenorhynchus_albirostris,26.397,0.27893,-0.0415247,0.00194949,0
975001,Balaena_mysticetus,Physeter_catodon,0,0.275886,-0.0371815,0.0498326,0
975001,Caperea_marginata,NA,18.5037,0.0180738,-0.321197,0.199321,0
975001,Orcinus_orca,Orcaella_brevirostris,23.5527,0.51814,-0.0881107,0.078225,0
995001,Balaena_mysticetus,Physeter_catodon,0,0.146956,-0.0270216,0.00908185,0
995001,Kogia_simus,NA,33.5871,0.824163,-0.250133,0.510081,0
995001,Orcinus_orca,Orcaella_brevirostris,22.1175,1.0441,-0.139359,0.105025,0
1015001,Balaena_mysticetus,Physeter_catodon,0,0.305314,-0.0321698,0.0369108,0
1015001,Platanista_gangetica,Platanista_minor,34.5484,0.694795,-0.0589095,3.30149,0
1015001,Orcaella_brevirostris,Lagenorhynchus_albirostris,25.3603,1.50974,-0.25822,0.0674453,0
1035001,Balaena_mysticetus,Physeter_catodon,0,0.215754,-0.0381336,0.0270969,0
1035001,Physeter_catodon,NA,18.1541,0.0369505,-0.0223896,0.181427,0
1035001,Sotalia_guianensis,NA,34.81,0.147994,-0.125438,1.39879,0
1035001,Orcaella_brevirostris,Lagenorhynchus_albirostris,25.5651,1.89267,-0.187362,0.435247,0
1055001,Balaena_mysticetus,Physeter_catodon,0,0.451867,-0.0431274,0.126997,0
1055001,Physeter_catodon,NA,17.7459,1.74029,-0.141673,0.969907,0
1055001,Mesoplodon_perrini,NA,34.7879,0.815351,0.0603616,2.38386,0
1055001,Orcaella_brevirostris,Lagenorhynchus_albirostris,26.2137,0.692142,-0.180855,0.0285789,0
1075001,Balaena_mysticetus,Physeter_catodon,0,0.159745,-0.0318384,0.0149079,0
1075001,Mesoplodon_ginkgodens,NA,26.954,0.057762,0.0655939,0.0974842,0
1075001,Delphinapterus_leucas,Orcinus_orca,11.4101,0.57356,-0.0583805,0.0265082,0
1095001,Balaena_mysticetus,Physeter_catodon,0,0.247183,-0.0431024,0.0153236,0
1095001,Orcaella_brevirostris,Lagenorhynchus_albirostris,26.3218,1.17276,-0.246403,0.0926886,0
1115001,Balaena_mysticetus,Physeter_catodon,0,0.263771,-0.0424517,0.0662871,0
1115001,Orcaella_brevirostris,Lagenorhynchus_albirostris,25.8212,0.90225,-0.171438,0.0241768,0
1135001,Balaena_mysticetus,Physeter_catodon,0,0.438939,-0.0520497,0.100353,0
1135001,Physeter_catodon,NA,28.3706,0.22306,-0.436368,0.965126,0
1135001,Orcaella_brevirostris,Lagenorhynchus_albirostris,26.1198,0.84802,-0.173157,0.0847791,0
1155001,Balaena_mysticetus,Physeter_catodon,0,0.281042,-0.0422371,0.0415519,0
1155001,Platanista_gangetica,Platanista_minor,9.64594,0.736217,0.00662658,0.781233,0
1155001,Orcinus_orca,Orcaella_brevirostris,24.2933,0.70775,-0.116436,0.132316,0
1175001,Balaena_mysticetus,Physeter_catodon,0,0.616926,-0.0518612,0.166196,0
1175001,Orcinus_orca,Orcaella_brevirostris,24.6621,0.784323,-0.115309,0.163855,0
1195001,Balaena_mysticetus,Physeter_catodon,0,0.303194,-0.0411906,0.129845,0
1195001,Berardius_bairdii,NA,35.6434,0.294756,-0.115677,1.51689,0
1195001,Stenella_longirostris,NA,34.523,0.241005,0.00836312,0.530828,0
1195001,Orcaella_brevirostris,Lagenorhynchus_albirostris,25.4334,1.68153,-0.242926,0.0496402,0
1215001,Balaena_mysticetus,Physeter_catodon,0,0.223412,-0.0258783,0.0624356,0
1215001,Orcaella_brevirostris,Lagenorhynchus_albirostris,25.9947,1.07827,-0.199645,0.0102383,0
1235001,Balaena_mysticetus,Physeter_catodon,0,0.393574,-0.0446068,0.0386441,0
1235001,Orcaella_brevirostris,Lagenorhynchus_albirostris,25.7284,1.42421,-0.215452,0.235474,0
1255001,Balaena_mysticetus,Physeter_catodon,0,0.170417,-0.0260051,0.0279756,0
1255001,Balaena_mysticetus,Eubalaena_australis,10.5789,0.042758,0.0558639,0.25855,0
1255001,Orcinus_orca,Orcaella_brevirostris,24.7631,0.697364,-0.150229,0.0520216,0
1275001,Balaena_mysticetus,Physeter_catodon,0,0.255094,-0.0384778,0.0401377,0
1275001,Orcaella_brevirostris,NA,34.079,1.98865,0.121106,2.99231,0
1275001,Orcinus_orca,Orcaella_brevirostris,24.8871,0.925761,-0.1835,0.0956263,0
1295001,Balaena_mysticetus,Physeter_catodon,0,0.102261,-0.0133087,0.0138288,0
1295001,Orcinus_orca,Orcaella_brevirostris,24.8599,0.953539,-0.208176,0.0447624,0
1315001,Balaena_mysticetus,Physeter_catodon,0,0.397374,-0.0428087,0.12455,0
1315001,Delphinapterus_leucas,Orcinus_orca,16.3448,0.542841,-0.0489315,0.00295834,0
1335001,Balaena_mysticetus,Physeter_catodon,0,0.185413,-0.0148566,0.0500774,0
1335001,Orcinus_orca,Orcaella_brevirostris,23.7436,1.26817,-0.17992,0.0153276,0
1355001,Balaena_mysticetus,Physeter_catodon,0,0.307064,-0.0445839,0.0827054,0
1355001,Orcinus_orca,Orcaella_brevirostris,23.0281,1.27757,-0.145109,0.219536,0
1375001,Balaena_mysticetus,Physeter_catodon,0,0.295995,-0.0311205,0.103726,0
1375001,Orcaella_brevirostris,Lagenorhynchus_albirostris,26.3782,0.711913,-0.171903,0.131028,0
1395001,Balaena_mysticetus,Physeter_catodon,0,0.108982,-0.00146617,0.0480905,0
1395001,Orcinus_orca,Orcaella_brevirostris,23.912,0.533804,-0.0993982,0.0394421,0
1415001,Balaena_mysticetus,Physeter_catodon,0,0.37427,-0.0419361,0.0811914,0
1415001,Orcaella_brevirostris,Lagenorhynchus_albirostris,25.2751,2.0083,-0.248734,0.24264,0
1435001,Balaena_mysticetus,Physeter_catodon,0,0.252174,-0.0322924,0.0664907,0
1435001,Orcaella_brevirostris,Lagenorhynchus_albirostris,25.8221,1.21743,-0.249039,0.083887,0
1455001,Balaena_mysticetus,Physeter_catodon,0,0.236253,-0.0450981,0.0171129,0
1455001,Balaenoptera_physalus,NA,35.7135,0.710994,-0.0237429,0.588852,0
1455001,Orcaella_brevirostris,Lagenorhynchus_albirostris,25.6165,1.40447,-0.23043,0.0346851,0
1475001,Balaena_mysticetus,Physeter_catodon,0,0.164468,-0.035207,0.0118029,0
1475001,Orcinus_orca,Orcaella_brevirostris,21.8027,0.499976,-0.0629368,0.0858613,0
1495001,Balaena_mysticetus,Physeter_catodon,0,0.222466,-0.0301049,0.048461,0
1495001,Orcinus_orca,Orcaella_brevirostris,24.4093,1.05296,-0.157955,0.232145,0
1515001,Balaena_mysticetus,Physeter_catodon,0,0.223146,-0.0376851,0.0150356,0
1515001,Orcaella_brevirostris,Lagenorhynchus_albirostris,26.2508,0.489946,-0.0859816,0.0272395,0
1535001,Balaena_mysticetus,Physeter_catodon,0,0.278063,-0.0445853,0.0369694,0
1535001,Megaptera_novaeangliae,NA,33.7439,0.0286765,-0.186783,0.037125,0
1535001,Physeter_catodon,NA,21.6208,0.3908,-0.269747,0.175001,0
1535001,Orcaella_brevirostris,Lagenorhynchus_albirostris,25.9218,0.845375,-0.111652,0.107182,0
1555001,Balaena_mysticetus,Physeter_catodon,0,0.231426,-0.0380119,0.0255474,0
1555001,Orcaella_brevirostris,Lagenorhynchus_albirostris,26.2279,1.55214,-0.325243,0.0564051,0
1575001,Balaena_mysticetus,Physeter_catodon,0,0.171129,-0.0220827,0.030508,0
1575001,Orcinus_orca,Orcaella_brevirostris,21.1871,0.673027,-0.0969417,0.0132849,0
1595001,Balaena_mysticetus,Physeter_catodon,0,0.261177,-0.0439068,0.0653288,0
1595001,Orcaella_brevirostris,Lagenorhynchus_albirostris,26.1573,0.396227,-0.112379,0.00551719,0
1615001,Balaena_mysticetus,Physeter_catodon,0,0.214136,-0.0265192,0.0570779,0
1615001,Orcaella_brevirostris,Lagenorhynchus_albirostris,25.8632,0.628603,-0.137786,0.213344,0
1635001,Balaena_mysticetus,Physeter_catodon,0,0.107414,-0.00894316,0.0114558,0
1635001,Orcinus_orca,Orcaella_brevirostris,24.7113,0.392801,-0.0679646,0.10392,0
1655001,Balaena_mysticetus,Physeter_catodon,0,0.349578,-0.0490215,0.069013,0
1655001,Caperea_marginata,NA,29.7545,0.0335045,0.0259944,0.326397,0
1655001,Orcinus_orca,Orcaella_brevirostris,23.7149,0.818194,-0.143231,0.025608,0
1675001,Balaena_mysticetus,Physeter_catodon,0,0.674941,-0.0725626,0.0769696,0
1675001,Orcaella_brevirostris,Lagenorhynchus_albirostris,26.0771,1.41074,-0.184895,0.353115,0
1695001,Balaena_mysticetus,Physeter_catodon,0,0.16189,-0.0240124,0.0166196,0
1695001,Orcaella_brevirostris,Lagenorhynchus_albirostris,25.7611,0.970707,-0.205635,0.0349429,0
1715001,Balaena_mysticetus,Physeter_catodon,0,0.215022,-0.0256949,0.101444,0
1715001,Orcinus_orca,Orcaella_brevirostris,23.1357,0.718358,-0.140619,0.0894999,0
1735001,Balaena_mysticetus,Physeter_catodon,0,0.198405,-0.0305066,0.031105,0
1735001,Orcinus_orca,Orcaella_brevirostris,22.9078,1.23451,-0.161317,0.105769,0
1755001,Balaena_mysticetus,Physeter_catodon,0,0.165201,-0.0395178,0.0291208,0
1755001,Tasmacetus_shepherdi,NA,35.239,0.200036,-0.0155249,1.03291,0
1755001,Delphinapterus_leucas,Orcinus_orca,17.0772,0.562023,-0.053644,0.176737,0
1775001,Balaena_mysticetus,Physeter_catodon,0,0.117999,-0.0049041,0.0197521,0
1795001,Balaena_mysticetus,Physeter_catodon,0,0.663816,-0.070028,0.0568446,0
1795001,Balaena_mysticetus,NA,27.7588,0.802165,0.0307372,1.38847,0
1795001,Platanista_gangetica,Platanista_minor,21.6983,1.3827,-0.0901116,0.977631,0
1795001,Orcaella_brevirostris,Lagenorhynchus_albirostris,25.5582,0.800633,-0.155034,0.0578457,0
1815001,Balaena_mysticetus,Physeter_catodon,0,0.268553,-0.0442159,0.0395432,0
1815001,Orcinus_orca,Orcaella_brevirostris,24.1653,0.421662,-0.0724938,0.0286635,0
1835001,Balaena_mysticetus,Physeter_catodon,0,0.0960984,0.00417195,0.00232868,0
1835001,Berardius_arnuxii,NA,34.1985,0.472776,-0.119683,0.122857,0
1835001,Orcinus_orca,Orcaella_brevirostris,24.8044,0.687075,-0.146506,0.0212918,0
1855001,Balaena_mysticetus,Physeter_catodon,0,0.109549,-0.0121674,0.0183752,0
1855001,Kogia_breviceps,NA,28.4094,0.0483827,0.369804,0.706961,0
1855001,Orcinus_orca,Orcaella_brevirostris,24.7433,1.33059,-0.229715,0.145571,0
1875001,Balaena_mysticetus,Physeter_catodon,0,0.198974,-0.0281563,0.00795078,0
1875001,Orcinus_orca,Orcaella_brevirostris,24.8595,1.46433,-0.183672,0.246386,0
1895001,Balaena_mysticetus,Physeter_catodon,0,0.543066,-0.0637888,0.0521019,0
1895001,Physeter_catodon,NA,22.2448,1.20328,-0.0426838,1.30798,0
1895001,Orcaella_brevirostris,Lagenorhynchus_albirostris,25.6467,1.38502,-0.24561,0.0102475,0
1915001,Balaena_mysticetus,Physeter_catodon,0,0.342767,-0.0341853,0.106718,0
1915001,Orcinus_orca,Orcaella_brevirostris,24.9986,0.438937,-0.067263,0.113012,0
1935001,Balaena_mysticetus,Physeter_catodon,0,0.199824,-0.0281959,0.0137753,0
1935001,Orcinus_orca,Orcaella_brevirostris,23.1652,0.683788,-0.124583,0.0255937,0
1955001,Balaena_mysticetus,Physeter_catodon,0,0.18847,-0.0344724,0.00535223,0
1955001,Orcinus_orca,NA,31.9488,0.4338,0.00545535,1.15118,0
1955001,Orcinus_orca,Orcaella_brevirostris,24.3632,1.17534,-0.203528,0.0343384,0
1975001,Balaena_mysticetus,Physeter_catodon,0,0.163274,-0.0292508,0.0452144,0
1975001,Physeter_catodon,NA,31.008,0.355499,0.0169855,1.30525,0
1975001,Orcinus_orca,Orcaella_brevirostris,24.9781,0.982227,-0.182319,0.0477019,0
1995001,Balaena_mysticetus,Physeter_catodon,0,0.214436,-0.0295046,0.0711028,0
1995001,Orcinus_orca,NA,25.1765,0.671545,-0.121484,0.62567,0
1995001,Berardius_arnuxii,NA,31.5181,0.793456,-0.184312,0.271314,0
1995001,Hyperoodon_ampullatus,NA,34.2707,0.4568,0.101793,1.17671,0
1995001,Orcinus_orca,Orcaella_brevirostris,22.6024,0.575475,-0.0886981,0.00200039,0
2015001,Balaena_mysticetus,Physeter_catodon,0,0.568899,-0.0426499,0.200687,0
2015001,Ziphius_cavirostris,Indopacetus_pacificus,17.9069,1.30086,-0.195898,0.0435064,0
2015001,Orcinus_orca,Orcaella_brevirostris,23.3059,1.04729,-0.168265,0.0311628,0
2035001,Balaena_mysticetus,Physeter_catodon,0,0.161301,-0.0167879,0.0222686,0
2035001,Orcinus_orca,Orcaella_brevirostris,24.4721,0.845204,-0.184971,0.00826756,0
2055001,Balaena_mysticetus,Physeter_catodon,0,0.0950442,-0.0127463,0.000104897,0
2055001,Platanista_gangetica,Platanista_minor,35.1873,1.7072,0.00520723,0.226872,0
2055001,Orcinus_orca,Orcaella_brevirostris,24.4345,0.656944,-0.140676,0.0630235,0
2075001,Balaena_mysticetus,Physeter_catodon,0,0.271164,-0.0342252,0.0833531,0
2075001,Sotalia_fluviatilis,NA,34.5297,0.565321,-0.0542156,0.373572,0
2075001,Orcinus_orca,Orcaella_brevirostris,20.1439,0.991736,-0.101641,0.0321265,0
2095001,Balaena_mysticetus,Physeter_catodon,0,0.281536,-0.0308873,0.0567565,0
2095001,Lagenorhynchus_albirostris,Lagenorhynchus_acutus,26.4545,1.89967,-0.198914,0.495374,0
2115001,Balaena_mysticetus,Physeter_catodon,0,0.175471,-0.0251725,0.0330037,0
2115001,Inia_geoffrensis,NA,35.7854,1.35607,0.223978,0.855619,0
2115001,Pseudorca_crassidens,NA,34.0877,0.671005,0.152601,1.09075,0
2115001,Orcaella_brevirostris,Lagenorhynchus_albirostris,26.2982,1.08549,-0.262148,0.0603218,0
2135001,Balaena_mysticetus,Physeter_catodon,0,0.256236,-0.0435543,0.0343196,0
2135001,Orcaella_brevirostris,Lagenorhynchus_albirostris,25.7208,1.26537,-0.207629,0.184173,0
2155001,Balaena_mysticetus,Physeter_catodon,0,0.207969,-0.043087,0.0275412,0
2155001,Orcinus_orca,Orcaella_brevirostris,21.9763,0.332535,-0.0587017,0.000911294,0
2175001,Balaena_mysticetus,Physeter_catodon,0,0.34674,-0.0486542,0.0666328,0
2175001,Orcaella_brevirostris,Lagenorhynchus_albirostris,26.0755,0.575032,-0.126958,0.0490496,0
2195001,Balaena_mysticetus,Physeter_catodon,0,0.18207,-0.0353221,0.0265897,0
2195001,Mesoplodon_ginkgodens,Mesoplodon_europaeus,25.7296,1.73255,-0.334867,0.0107912,0
2195001,Orcaella_brevirostris,Lagenorhynchus_albirostris,26.0592,0.75235,-0.134368,0.0652608,0
2215001,Balaena_mysticetus,Physeter_catodon,0,0.335959,-0.0338153,0.0818047,0
2215001,Caperea_marginata,NA,11.6624,0.558398,-0.179173,0.197012,0
2215001,Orcaella_brevirostris,Lagenorhynchus_albirostris,25.686,0.480593,-0.0996728,0.061328,0
2235001,Balaena_mysticetus,Physeter_catodon,0,0.243846,-0.0339072,0.0577168,0
2235001,Orcaella_brevirostris,Lagenorhynchus_albirostris,26.0181,1.12006,-0.210288,0.00675555,0
2255001,Balaena_mysticetus,Physeter_catodon,0,0.117782,-0.0247711,0.00648278,0
2255001,Orcaella_brevirostris,Lagenorhynchus_albirostris,25.817,1.65125,-0.229506,0.21628,0
2275001,Balaena_mysticetus,Physeter_catodon,0,0.279405,-0.0419063,0.0194645,0
2275001,Orcinus_orca,Orcaella_brevirostris,24.2701,0.917923,-0.141837,0.0642974,0
2295001,Balaena_mysticetus,Physeter_catodon,0,0.351364,-0.0493077,0.0468388,0
2295001,Platanista_gangetica,Platanista_minor,28.5449,1.18795,-0.105187,1.17109,0
2295001,Delphinapterus_leucas,Orcinus_orca,10.9758,0.164919,0.0216557,0.134253,0
2315001,Balaena_mysticetus,Physeter_catodon,0,0.226548,-0.0327343,0.057721,0
2315001,Orcaella_brevirostris,Lagenorhynchus_albirostris,25.8467,1.54465,-0.232506,0.30156,0
2335001,Balaena_mysticetus,Physeter_catodon,0,0.125483,-0.0116868,0.00538964,0
2335001,Orcaella_brevirostris,Lagenorhynchus_albirostris,26.1231,0.747388,-0.158105,0.0274942,0
2355001,Balaena_mysticetus,Physeter_catodon,0,0.263328,-0.0364966,0.0652781,0
2355001,Orcaella_brevirostris,Lagenorhynchus_albirostris,25.6948,1.60186,-0.236313,0.30395,0
2375001,Balaena_mysticetus,Physeter_catodon,0,0.254363,-0.0492548,0.0322505,0
2375001,Delphinapterus_leucas,Orcinus_orca,16.7915,0.61662,-0.0656974,0.115046,0
2395001,Balaena_mysticetus,Physeter_catodon,0,0.320837,-0.0561027,0.00583874,0
2395001,Platanista_gangetica,Platanista_minor,34.5785,1.94029,-0.101182,3.02293,0
2395001,Orcinus_orca,Orcaella_brevirostris,24.4962,1.13726,-0.204494,0.0607628,0
2415001,Balaena_mysticetus,Physeter_catodon,0,0.349797,-0.0475063,0.0396677,0
2415001,Orcaella_brevirostris,Lagenorhynchus_albirostris,26.1322,0.837788,-0.223932,0.0698157,0
2435001,Balaena_mysticetus,Physeter_catodon,0,0.132981,-0.0168148,0.00744839,0
2435001,Orcinus_orca,Orcaella_brevirostris,22.625,0.693712,-0.0824471,0.0349699,0
2455001,Balaena_mysticetus,Physeter_catodon,0,0.554678,-0.0421955,0.162065,0
2455001,Orcaella_brevirostris,Lagenorhynchus_albirostris,26.4116,0.495667,-0.104854,0.0698046,0
2475001,Balaena_mysticetus,Physeter_catodon,0,0.266299,-0.0368047,0.0605056,0
2475001,Orcaella_brevirostris,Lagenorhynchus_albirostris,26.3136,0.693516,-0.126086,0.0131225,0
2495001,Balaena_mysticetus,Physeter_catodon,0,0.419077,-0.0384331,0.145408,0
2495001,Eschrichtius_robustus,NA,29.9089,0.612452,-0.57272,0.256044,0
2495001,Orcaella_brevirostris,Lagenorhynchus_albirostris,26.1987,0.999164,-0.220832,0.0894105,0
2515001,Balaena_mysticetus,Physeter_catodon,0,0.176856,-0.0236882,0.0256916,0
2515001,Orcaella_brevirostris,Lagenorhynchus_albirostris,25.5484,1.40617,-0.187041,0.280458,0
2535001,Balaena_mysticetus,Physeter_catodon,0,0.211022,-0.0246784,0.0889757,0
2535001,Berardius_arnuxii,NA,30.1795,0.0178341,0.173739,0.283817,0
2535001,Orcaella_brevirostris,Lagenorhynchus_albirostris,25.588,1.18828,-0.229046,0.137816,0
2555001,Balaena_mysticetus,Physeter_catodon,0,0.472222,-0.0505964,0.0670288,0
2555001,Orcaella_brevirostris,Lagenorhynchus_albirostris,25.8819,0.592933,-0.165956,0.0303653,0
2575001,Balaena_mysticetus,Physeter_catodon,0,0.0820515,0.00109354,0.00767253,0
2575001,Lipotes_vexillifer,NA,34.5113,0.275634,0.0337006,0.534076,0
2575001,Orcaella_brevirostris,Lagenorhynchus_albirostris,26.1186,0.498767,-0.0993542,0.117066,0
2595001,Balaena_mysticetus,Physeter_catodon,0,0.219072,-0.0367607,0.0187213,0
2595001,Orcinus_orca,Orcaella_brevirostris,24.4192,0.66343,-0.139112,0.0300264,0
2615001,Balaena_mysticetus,Physeter_catodon,0,0.469555,-0.0617467,0.0549306,0
2615001,Mesoplodon_ginkgodens,Mesoplodon_europaeus,26.1033,1.84241,-0.518428,0.0838745,0
2615001,Orcaella_brevirostris,Lagenorhynchus_albirostris,25.3914,1.52413,-0.228742,0.144468,0
2635001,Balaena_mysticetus,Physeter_catodon,0,0.170837,-0.0210798,0.0642049,0
2635001,Mesoplodon_europaeus,Mesoplodon_mirus,27.3617,0.959049,-0.394635,0.151545,0
2635001,Orcaella_brevirostris,Lagenorhynchus_albirostris,25.6331,1.67064,-0.227847,0.184187,0
2655001,Balaena_mysticetus,Physeter_catodon,0,0.111003,-0.000639251,0.0554285,0
2655001,Physeter_catodon,NA,28.4193,0.0772952,-0.113361,0.487771,0
2655001,Mesoplodon_ginkgodens,Mesoplodon_europaeus,26.2679,2.05425,-0.487564,0.041489,0
2655001,Orcaella_brevirostris,Lagenorhynchus_albirostris,25.9713,0.973862,-0.222255,0.00591771,0
2675001,Balaena_mysticetus,Physeter_catodon,0,0.47304,-0.0510732,0.103832,0
2675001,Balaena_mysticetus,NA,32.9553,0.415311,-0.0270835,1.4945,0
2675001,Mesoplodon_europaeus,Mesoplodon_mirus,27.4691,2.70796,-0.402997,0.439953,0
2675001,Orcinus_orca,Orcaella_brevirostris,23.15,0.644679,-0.103028,0.0407874,0
2695001,Balaena_mysticetus,Physeter_catodon,0,0.367943,-0.0424872,0.0684883,0
2695001,Orcaella_brevirostris,Lagenorhynchus_albirostris,26.1132,0.860119,-0.230931,0.0135484,0
2715001,Balaena_mysticetus,Physeter_catodon,0,0.356096,-0.0479504,0.054973,0
2715001,Orcaella_brevirostris,Lagenorhynchus_albirostris,25.9409,1.60663,-0.180108,0.260555,0
2735001,Balaena_mysticetus,Physeter_catodon,0,0.444251,-0.060688,0.0511691,0
2735001,Orcaella_brevirostris,Lagenorhynchus_albirostris,26.2381,0.89747,-0.134756,0.123123,0
2755001,Balaena_mysticetus,Physeter_catodon,0,0.125475,-0.0185583,0.0444727,0
2755001,Pontoporia_blainvillei,NA,35.8367,0.203398,0.0856357,0.152073,0
2755001,Orcinus_orca,Orcaella_brevirostris,23.8783,0.657954,-0.111208,0.0279115,0
2775001,Balaena_mysticetus,Physeter_catodon,0,0.133352,-0.0180843,0.015895,0
2775001,Platanista_gangetica,Platanista_minor,28.7189,0.0738138,0.0390145,0.31196,0
2775001,Orcaella_brevirostris,Lagenorhynchus_albirostris,26.0701,0.451931,-0.109853,0.0468896,0
2795001,Balaena_mysticetus,Physeter_catodon,0,0.283275,-0.0381863,0.0666184,0
2795001,Orcinus_orca,NA,25.1938,0.164042,-0.294925,0.537229,0
2795001,Sousa_chinensis,Stenella_clymene,32.6231,0.304227,0.055796,0.0789444,0
2795001,Delphinapterus_leucas,Orcinus_orca,17.5302,0.808835,-0.105169,0.0830064,0
2815001,Balaena_mysticetus,Physeter_catodon,0,0.126431,-0.0250189,0.00851659,0
2815001,Orcinus_orca,Orcaella_brevirostris,25.0672,0.879911,-0.166109,0.03119,0
2835001,Balaena_mysticetus,Physeter_catodon,0,0.203308,-0.0230874,0.022601,0
2835001,Orcaella_brevirostris,Lagenorhynchus_albirostris,25.2638,0.894493,-0.181031,0.0204327,0
2855001,Balaena_mysticetus,Physeter_catodon,0,0.346636,-0.0479117,0.0756716,0
2855001,Orcaella_brevirostris,NA,32.9429,0.286436,-0.169964,2.00338,0
2855001,Orcaella_brevirostris,Lagenorhynchus_albirostris,25.1741,1.58945,-0.256905,0.129153,0
2875001,Balaena_mysticetus,Physeter_catodon,0,0.188146,-0.027744,0.00643399,0
2875001,Eubalaena_australis,Eubalaena_glacialis,31.1933,0.400099,-0.228368,0.392073,0
2875001,Orcaella_brevirostris,Lagenorhynchus_albirostris,25.7537,0.829495,-0.195161,0.0628435,0
2895001,Balaena_mysticetus,Physeter_catodon,0,0.123826,-0.0256649,0.00794391,0
2895001,Berardius_bairdii,NA,35.3161,2.26166,-0.284589,1.68453,0
2895001,Orcinus_orca,Orcaella_brevirostris,24.7416,0.847646,-0.181884,0.00275045,0
2915001,Balaena_mysticetus,Physeter_catodon,0,0.274251,-0.0389184,0.0863924,0
2915001,Eschrichtius_robustus,NA,33.2104,0.787578,-0.255839,1.31609,0
2915001,Orcaella_brevirostris,Lagenorhynchus_albirostris,25.3869,1.06573,-0.166764,0.0190277,0
2935001,Balaena_mysticetus,Physeter_catodon,0,0.292436,-0.0487407,0.0185894,0
2935001,Orcaella_brevirostris,Lagenorhynchus_albirostris,25.3992,0.452635,-0.11426,0.000728977,0
2955001,Balaena_mysticetus,Physeter_catodon,0,0.30929,-0.0372605,0.0985017,0
2955001,Orcaella_brevirostris,Lagenorhynchus_albirostris,25.8935,1.22907,-0.218607,0.0748068,0
2975001,Balaena_mysticetus,Physeter_catodon,0,0.302295,-0.0364005,0.087362,0
2975001,Orcaella_brevirostris,Lagenorhynchus_albirostris,26.2503,1.39102,-0.270741,0.00518972,0
2995001,Balaena_mysticetus,Physeter_catodon,0,0.186408,-0.032447,0.0340766,0
2995001,Mesoplodon_traversii,Mesoplodon_ginkgodens,24.5179,1.63644,-0.402889,0.0595559,0
2995001,Orcinus_orca,Orcaella_brevirostris,24.8823,0.746915,-0.133565,0.0462664,0
3015001,Balaena_mysticetus,Physeter_catodon,0,0.307694,-0.0424579,0.0660164,0
3015001,Orcaella_brevirostris,Lagenorhynchus_albirostris,26.1902,0.951535,-0.198605,0.186628,0
3035001,Balaena_mysticetus,Physeter_catodon,0,0.233823,-0.0517417,0.0151575,0
3035001,Orcinus_orca,Orcaella_brevirostris,23.1262,1.44403,-0.156498,0.263823,0
3055001,Balaena_mysticetus,Physeter_catodon,0,0.289899,-0.0451423,0.0465115,0
3055001,Berardius_arnuxii,NA,34.0889,0.0918209,-0.233218,0.825177,0
3055001,Orcaella_brevirostris,Lagenorhynchus_albirostris,25.3928,0.631151,-0.127158,0.0484556,0
3075001,Balaena_mysticetus,Physeter_catodon,0,0.20678,-0.0346115,0.0502173,0
3075001,Delphinapterus_leucas,Orcinus_orca,15.9644,0.241647,-0.00131546,0.0579636,0
3095001,Balaena_mysticetus,Physeter_catodon,0,0.345377,-0.050129,0.0433105,0
3095001,Orcaella_brevirostris,Lagenorhynchus_albirostris,25.7022,0.563272,-0.118208,0.055605,0
3115001,Balaena_mysticetus,Physeter_catodon,0,0.350518,-0.0428597,0.0859831,0
3115001,Orcinus_orca,Orcaella_brevirostris,24.5895,1.80337,-0.245385,0.224579,0
3135001,Balaena_mysticetus,Physeter_catodon,0,0.246319,-0.0245751,0.0547489,0
3135001,Eubalaena_australis,Eubalaena_glacialis,34.0149,1.34688,0.0116754,0.803408,0
3135001,Orcinus_orca,Orcaella_brevirostris,23.1131,1.25519,-0.189494,0.0356269,0
3155001,Balaena_mysticetus,Physeter_catodon,0,0.257318,-0.0332255,0.0493793,0
3155001,Berardius_arnuxii,NA,35.5866,1.59384,0.423277,0.282617,0
3155001,Orcaella_brevirostris,Lagenorhynchus_albirostris,25.9335,1.30041,-0.173839,0.265684,0
3175001,Balaena_mysticetus,Physeter_catodon,0,0.136655,-0.0297939,0.00611888,0
3175001,Orcinus_orca,Orcaella_brevirostris,22.5074,0.842879,-0.109468,0.0503635,0
3195001,Balaena_mysticetus,Physeter_catodon,0,0.137769,-0.0200122,0.0304964,0
3195001,Orcaella_brevirostris,Lagenorhynchus_albirostris,25.5793,0.187967,0.00746476,0.0695389,0
3215001,Balaena_mysticetus,Physeter_catodon,0,0.119478,-0.0183105,0.00865746,0
3215001,Indopacetus_pacificus,NA,33.8219,1.99015,-0.134814,1.56225,0
3215001,Orcaella_brevirostris,Lagenorhynchus_albirostris,26.3787,1.01678,-0.205825,0.266998,0
3235001,Balaena_mysticetus,Physeter_catodon,0,0.306871,-0.0486203,0.0465899,0
3235001,Orcaella_brevirostris,Lagenorhynchus_albirostris,25.9154,0.659443,-0.168429,0.098631,0
3255001,Balaena_mysticetus,Physeter_catodon,0,0.268878,-0.0442813,0.0556429,0
3255001,Orcaella_brevirostris,Lagenorhynchus_albirostris,25.7035,0.608001,-0.103105,0.0491103,0
3275001,Balaena_mysticetus,Physeter_catodon,0,0.228309,-0.0450602,0.00112182,0
3275001,Physeter_catodon,NA,34.7183,0.583218,0.319052,0.413986,0
3275001,Orcaella_brevirostris,Lagenorhynchus_albirostris,26.0037,1.3676,-0.235366,0.263245,0
3295001,Balaena_mysticetus,Physeter_catodon,0,0.199214,-0.031757,0.035727,0
3295001,Orcinus_orca,Orcaella_brevirostris,22.993,0.444457,-0.0908781,0.0101993,0
3315001,Balaena_mysticetus,Physeter_catodon,0,0.227979,-0.0330807,0.047331,0
3315001,Orcinus_orca,NA,25.3264,0.276609,-0.15657,0.761967,0
3315001,Orcinus_orca,Orcaella_brevirostris,22.8638,2.29148,-0.237819,0.00320583,0
3335001,Balaena_mysticetus,Physeter_catodon,0,0.300097,-0.0486219,0.0259375,0
3335001,Orcinus_orca,Orcaella_brevirostris,24.6606,1.07656,-0.163009,0.235073,0
3355001,Balaena_mysticetus,Physeter_catodon,0,0.307422,-0.0435977,0.0585394,0
3355001,Orcinus_orca,Orcaella_brevirostris,23.9253,0.724585,-0.132025,0.0717457,0
3375001,Balaena_mysticetus,Physeter_catodon,0,0.118914,-0.0164209,0.00565533,0
3375001,Orcinus_orca,Orcaella_brevirostris,24.1581,1.02666,-0.198024,0.00483684,0
3395001,Balaena_mysticetus,Physeter_catodon,0,0.182899,-0.0264564,0.0105126,0
3395001,Mesoplodon_bidens,NA,35.8279,0.0337095,0.0525625,0.264491,0
3395001,Orcaella_brevirostris,Lagenorhynchus_albirostris,26.1624,1.18777,-0.250475,0.0305131,0
3415001,Balaena_mysticetus,Physeter_catodon,0,0.146761,-0.0249454,0.00952696,0
3415001,Orcaella_brevirostris,Lagenorhynchus_albirostris,25.7486,0.577986,-0.156543,0.0303648,0
3435001,Balaena_mysticetus,Physeter_catodon,0,0.136283,-0.0233583,0.0176439,0
3435001,Orcinus_orca,Orcaella_brevirostris,24.7755,0.77936,-0.134968,0.0264388,0
3455001,Balaena_mysticetus,Physeter_catodon,0,0.278278,-0.0325347,0.0789777,0
3455001,Orcaella_brevirostris,Lagenorhynchus_albirostris,25.8366,0.802674,-0.180006,0.0776453,0
3475001,Balaena_mysticetus,Physeter_catodon,0,0.175316,-0.0263936,0.00923654,0
3475001,Orcaella_brevirostris,Lagenorhynchus_albirostris,25.3709,0.909578,-0.212761,0.0205366,0
3495001,Balaena_mysticetus,Physeter_catodon,0,0.369378,-0.0557319,0.00425548,0
3495001,Mesoplodon_traversii,Mesoplodon_ginkgodens,23.8497,1.48036,-0.342949,0.081522,0
3495001,Orcinus_orca,Orcaella_brevirostris,23.8639,1.9619,-0.246081,0.0828678,0
3515001,Balaena_mysticetus,Physeter_catodon,0,0.239122,-0.0329404,0.0396071,0
3515001,Physeter_catodon,NA,28.6689,0.709593,-0.327893,1.11051,0
3515001,Orcaella_brevirostris,Lagenorhynchus_albirostris,26.2445,0.725712,-0.131729,0.172211,0
3535001,Balaena_mysticetus,Physeter_catodon,0,0.243348,-0.0331426,0.0615841,0
3535001,Orcinus_orca,Orcaella_brevirostris,25.0453,0.927216,-0.160164,0.0166236,0
3555001,Balaena_mysticetus,Physeter_catodon,0,0.15526,-0.0272047,0.00549167,0
3555001,Orcaella_brevirostris,Lagenorhynchus_albirostris,26.3485,0.73114,-0.188282,0.0176725,0
3575001,Balaena_mysticetus,Physeter_catodon,0,0.167968,-0.0284958,0.0400485,0
3575001,Mesoplodon_ginkgodens,Mesoplodon_europaeus,26.7951,0.940018,-0.356739,0.0182654,0
3575001,Orcaella_brevirostris,Lagenorhynchus_albirostris,25.2947,0.700688,-0.106771,0.228702,0
3595001,Balaena_mysticetus,Physeter_catodon,0,0.156049,-0.0254628,0.0196635,0
3595001,Orcaella_brevirostris,Lagenorhynchus_albirostris,26.2174,0.792602,-0.207187,0.0957142,0
3615001,Balaena_mysticetus,Physeter_catodon,0,0.283906,-0.0551019,0.018417,0
3615001,Lagenorhynchus_acutus,Steno_bredanensis,27.578,0.569845,-0.119693,0.0203938,0
3635001,Balaena_mysticetus,Physeter_catodon,0,0.26845,-0.032061,0.0492037,0
3635001,Orcinus_orca,Orcaella_brevirostris,21.5011,0.64418,-0.105551,0.0594915,0
3655001,Balaena_mysticetus,Physeter_catodon,0,0.147029,-0.015268,0.0347118,0
3655001,Orcinus_orca,Orcaella_brevirostris,24.5242,0.808775,-0.131754,0.167148,0
3675001,Balaena_mysticetus,Physeter_catodon,0,0.343423,-0.0568276,0.0291131,0
3675001,Physeter_catodon,NA,15.718,0.0105388,-0.354473,0.223863,0
3675001,Orcaella_brevirostris,Lagenorhynchus_albirostris,26.0288,0.706797,-0.133327,0.142497,0
3695001,Balaena_mysticetus,Physeter_catodon,0,0.270842,-0.0353593,0.0382505,0
3695001,Orcaella_brevirostris,Lagenorhynchus_albirostris,26.2516,0.636088,-0.127402,0.0375926,0
3715001,Balaena_mysticetus,Physeter_catodon,0,0.349489,-0.0381639,0.138542,0
3715001,Ziphius_cavirostris,Indopacetus_pacificus,17.9325,0.622435,-0.147035,0.0249938,0
3715001,Orcinus_orca,Orcaella_brevirostris,24.1982,1.96452,-0.257517,0.116498,0
3735001,Balaena_mysticetus,Physeter_catodon,0,0.100452,-0.0233844,0.00659039,0
3735001,Orcinus_orca,Orcaella_brevirostris,22.7292,1.61411,-0.183842,0.241112,0
3755001,Balaena_mysticetus,Physeter_catodon,0,0.213201,-0.025842,0.0496455,0
3755001,Physeter_catodon,NA,19.4,1.14149,-0.375244,0.547141,0
3755001,Orcinus_orca,Orcaella_brevirostris,23.7013,1.16515,-0.158777,0.134936,0
3775001,Balaena_mysticetus,Physeter_catodon,0,0.570306,-0.0655619,0.10429,0
3775001,Orcinus_orca,Orcaella_brevirostris,23.9813,0.557683,-0.141225,0.0609703,0
3795001,Balaena_mysticetus,Physeter_catodon,0,0.437245,-0.0529654,0.0945161,0
3795001,Cephalorhynchus_hectori,NA,35.317,1.43243,0.185766,5.34016,0
3795001,Orcaella_brevirostris,Lagenorhynchus_albirostris,25.8029,1.37293,-0.218716,0.154066,0
3815001,Balaena_mysticetus,Physeter_catodon,0,0.345895,-0.0460191,0.0598483,0
3815001,Balaena_mysticetus,NA,30.4412,0.149754,0.183043,0.0455965,0
3815001,Orcinus_orca,Orcaella_brevirostris,24.3663,0.689611,-0.0945187,0.048931,0
3835001,Balaena_mysticetus,Physeter_catodon,0,0.247731,-0.0357965,0.044988,0
3835001,Orcinus_orca,Orcaella_brevirostris,24.7487,1.21097,-0.141556,0.242688,0
3855001,Balaena_mysticetus,Physeter_catodon,0,0.500994,-0.0443979,0.143921,0
3855001,Orcaella_brevirostris,Lagenorhynchus_albirostris,25.9159,2.39164,-0.29496,0.138877,0
3875001,Balaena_mysticetus,Physeter_catodon,0,0.22224,-0.0262797,0.0828226,0
3875001,Eubalaena_australis,Eubalaena_glacialis,31.2388,0.166327,0.0250068,0.142976,0
3875001,Orcinus_orca,Orcaella_brevirostris,24.0929,0.805648,-0.119367,0.114996,0
3895001,Balaena_mysticetus,Physeter_catodon,0,0.380973,-0.0597585,0.016447,0
3895001,Orcaella_brevirostris,Lagenorhynchus_albirostris,25.9352,0.707257,-0.121322,0.0960969,0
3915001,Balaena_mysticetus,Physeter_catodon,0,0.509385,-0.050442,0.113129,0
3915001,Lagenorhynchus_acutus,Steno_bredanensis,27.4809,1.29779,-0.267688,0.0157718,0
3935001,Balaena_mysticetus,Physeter_catodon,0,0.240948,-0.0415331,0.0369523,0
3935001,Orcaella_brevirostris,Lagenorhynchus_albirostris,26.3652,1.07276,-0.244641,0.116066,0
3955001,Balaena_mysticetus,Physeter_catodon,0,0.153279,-0.0229917,0.0503127,0
3955001,Balaenoptera_bonaerensis,NA,33.8486,0.355487,0.113432,0.60136,0
3955001,Steno_bredanensis,NA,32.4605,0.26746,0.148226,0.189908,0
3955001,Orcinus_orca,Orcaella_brevirostris,24.9115,0.81205,-0.159472,0.159568,0
3975001,Balaena_mysticetus,Physeter_catodon,0,0.198488,-0.0541716,0.010842,0
3975001,Mesoplodon_europaeus,Mesoplodon_mirus,27.3338,0.727706,-0.23968,0.0863326,0
3975001,Orcaella_brevirostris,Lagenorhynchus_albirostris,25.9213,1.10675,-0.280849,0.0505333,0
3995001,Balaena_mysticetus,Physeter_catodon,0,0.336984,-0.038262,0.114279,0
3995001,Delphinapterus_leucas,Orcinus_orca,17.7368,0.872186,-0.0855476,0.176688,0
4015001,Balaena_mysticetus,Physeter_catodon,0,0.304276,-0.0431124,0.0558119,0
4015001,Orcinus_orca,Orcaella_brevirostris,24.573,1.31434,-0.229763,0.0490694,0
4035001,Balaena_mysticetus,Physeter_catodon,0,0.461,-0.0544895,0.121447,0
4035001,Mesoplodon_ginkgodens,NA,35.6301,0.538973,-0.191013,0.454919,0
4035001,Orcaella_brevirostris,Lagenorhynchus_albirostris,26.368,1.23471,-0.217933,0.0886045,0
4055001,Balaena_mysticetus,Physeter_catodon,0,0.27291,-0.0497964,0.00279698,0
4055001,Orcaella_brevirostris,Lagenorhynchus_albirostris,25.3496,1.2036,-0.142344,0.435393,0
4075001,Balaena_mysticetus,Physeter_catodon,0,0.347522,-0.0442853,0.0598953,0
4075001,Orcaella_brevirostris,NA,29.0781,0.508997,0.116879,1.08562,0
4075001,Orcaella_brevirostris,Lagenorhynchus_albirostris,25.5682,1.88887,-0.225143,0.0686414,0
4095001,Balaena_mysticetus,Physeter_catodon,0,0.30849,-0.0618242,0.0119525,0
4095001,Lagenorhynchus_albirostris,NA,29.7727,0.290302,-0.234142,0.15081,0
4095001,Orcinus_orca,Orcaella_brevirostris,24.8822,0.877636,-0.152787,0.114901,0
4115001,Balaena_mysticetus,Physeter_catodon,0,0.233247,-0.0277628,0.0691366,0
4115001,Orcinus_orca,Orcaella_brevirostris,24.1464,1.06759,-0.15072,0.17747,0
4135001,Balaena_mysticetus,Physeter_catodon,0,0.13017,-0.0149374,0.0210476,0
4135001,Orcinus_orca,Orcaella_brevirostris,23.8343,1.1566,-0.205048,0.0656955,0
4155001,Balaena_mysticetus,Physeter_catodon,0,0.257187,-0.0289268,0.0536596,0
4155001,Orcaella_brevirostris,Lagenorhynchus_albirostris,26.4179,0.641839,-0.117025,0.0278595,0
4175001,Balaena_mysticetus,Physeter_catodon,0,0.231648,-0.0230756,0.0534791,0
4175001,Orcaella_brevirostris,Lagenorhynchus_albirostris,25.9309,0.442822,-0.0867858,0.0250803,0
4195001,Balaena_mysticetus,Physeter_catodon,0,0.281747,-0.0407654,0.041707,0
4195001,Orcaella_brevirostris,Lagenorhynchus_albirostris,25.7988,1.18522,-0.23119,0.052627,0
4215001,Balaena_mysticetus,Physeter_catodon,0,0.211754,-0.0308458,0.00522583,0
4215001,Orcaella_brevirostris,Lagenorhynchus_albirostris,25.6559,1.81542,-0.247072,0.164042,0
4235001,Balaena_mysticetus,Physeter_catodon,0,0.0854586,-0.000586,0.0106182,0
4235001,Orcinus_orca,Orcaella_brevirostris,24.6523,0.766169,-0.14837,0.0744672,0
4255001,Balaena_mysticetus,Physeter_catodon,0,0.256109,-0.0368747,0.00201946,0
4255001,Platanista_gangetica,Platanista_minor,20.4507,0.379299,-0.0227323,0.322623,0
4255001,Orcaella_brevirostris,Lagenorhynchus_albirostris,25.9212,1.94234,-0.37944,0.00347387,0
4275001,Balaena_mysticetus,Physeter_catodon,0,0.159286,-0.0242079,0.0247751,0
4275001,Orcaella_brevirostris,Lagenorhynchus_albirostris,26.3205,1.19402,-0.204285,0.126629,0
4295001,Balaena_mysticetus,Physeter_catodon,0,0.142486,-0.0290097,0.0137179,0
4295001,Orcinus_orca,Orcaella_brevirostris,21.6184,0.550491,-0.0661801,0.0998396,0
4315001,Balaena_mysticetus,Physeter_catodon,0,0.185038,-0.030548,0.0257631,0
4315001,Orcinus_orca,Orcaella_brevirostris,24.1859,0.471507,-0.0846727,0.0271824,0
4335001,Balaena_mysticetus,Physeter_catodon,0,0.223721,-0.0378347,0.0643813,0
4335001,Orcinus_orca,Orcaella_brevirostris,24.982,1.34373,-0.197574,0.132019,0
4355001,Balaena_mysticetus,Physeter_catodon,0,0.22633,-0.0260919,0.0502034,0
4355001,Orcinus_orca,Orcaella_brevirostris,24.081,1.25858,-0.182998,0.0699925,0
4375001,Balaena_mysticetus,Physeter_catodon,0,0.249213,-0.0318994,0.102908,0
4375001,Mesoplodon_stejnegeri,NA,33.1765,1.2255,-0.0463317,0.0379114,0
4375001,Orcaella_brevirostris,Lagenorhynchus_albirostris,26.236,1.29262,-0.215076,0.0537289,0
4395001,Balaena_mysticetus,Physeter_catodon,0,0.270016,-0.0236334,0.146304,0
4395001,Orcaella_brevirostris,Lagenorhynchus_albirostris,26.0461,1.70886,-0.276199,0.0837589,0
4415001,Balaena_mysticetus,Physeter_catodon,0,0.174851,-0.0225388,0.036979,0
4415001,Caperea_marginata,NA,32.925,0.451773,0.322416,1.15121,0
4415001,Orcaella_brevirostris,Lagenorhynchus_albirostris,25.9564,0.733556,-0.190629,0.037169,0
4435001,Balaena_mysticetus,Physeter_catodon,0,0.347957,-0.0452852,0.0737008,0
4435001,Orcinus_orca,Orcaella_brevirostris,21.6724,0.703486,-0.115873,0.041281,0
4455001,Balaena_mysticetus,Physeter_catodon,0,0.607086,-0.0691979,0.0975731,0
4455001,Mesoplodon_bidens,Mesoplodon_traversii,22.2938,0.286712,-0.0541765,0.0233204,0
4455001,Orcinus_orca,Orcaella_brevirostris,21.6311,0.810275,-0.134454,0.0861783,0
4475001,Balaena_mysticetus,Physeter_catodon,0,0.209924,-0.0408493,0.0403092,0
4475001,Balaenoptera_borealis,NA,35.5722,0.513064,-0.154202,0.432402,0
4475001,Orcaella_brevirostris,Lagenorhynchus_albirostris,26.2562,1.08533,-0.228616,0.0879357,0
4495001,Balaena_mysticetus,Physeter_catodon,0,0.286234,-0.0408403,0.0521024,0
4495001,Orcinus_orca,Orcaella_brevirostris,24.3812,0.790834,-0.0936946,0.282158,0
4515001,Balaena_mysticetus,Physeter_catodon,0,0.2717,-0.0362684,0.0610821,0
4515001,Orcaella_brevirostris,Lagenorhynchus_albirostris,26.1285,1.75642,-0.270365,0.202526,0
4535001,Balaena_mysticetus,Physeter_catodon,0,0.287653,-0.0465747,0.00188166,0
4535001,Orcaella_brevirostris,Lagenorhynchus_albirostris,26.1894,0.692208,-0.194651,0.0256302,0
4555001,Balaena_mysticetus,Physeter_catodon,0,0.164187,-0.0224441,0.021296,0
4555001,Mesoplodon_bowdoini,Mesoplodon_carlhubbsi,30.2312,0.293976,0.0240615,0.190235,0
4555001,Orcaella_brevirostris,Lagenorhynchus_albirostris,25.7706,2.19735,-0.243313,0.259875,0
4575001,Balaena_mysticetus,Physeter_catodon,0,0.348435,-0.0520224,0.0399338,0
4575001,Orcaella_brevirostris,Lagenorhynchus_albirostris,26.3682,0.938576,-0.189279,0.0239239,0
4595001,Balaena_mysticetus,Physeter_catodon,0,0.157733,-0.0304183,0.000738646,0
4595001,Balaena_mysticetus,Eubalaena_australis,15.061,0.57517,-0.0202663,0.624477,0
4595001,Orcaella_brevirostris,Lagenorhynchus_albirostris,26.0579,1.02025,-0.225039,0.00339453,0
4615001,Balaena_mysticetus,Physeter_catodon,0,0.37856,-0.0616268,0.0116074,0
4615001,Eschrichtius_robustus,NA,35.3481,1.15793,-0.011208,2.03679,0
4615001,Orcaella_brevirostris,Lagenorhynchus_albirostris,26.3896,0.831522,-0.182074,0.0843876,0
4635001,Balaena_mysticetus,Physeter_catodon,0,0.236212,-0.0427107,0.0470686,0
4635001,Orcinus_orca,Orcaella_brevirostris,24.9727,0.601798,-0.106443,0.0255744,0
4655001,Balaena_mysticetus,Physeter_catodon,0,0.14786,-0.030909,0.0052409,0
4655001,Inia_geoffrensis,NA,33.6704,0.374352,0.116132,2.04237,0
4655001,Orcinus_orca,Orcaella_brevirostris,23.2639,1.1587,-0.161922,0.032021,0
4675001,Balaena_mysticetus,Physeter_catodon,0,0.261082,-0.0408253,0.0393734,0
4675001,Orcaella_brevirostris,Lagenorhynchus_albirostris,25.1887,0.622649,-0.16779,0.0081403,0
4695001,Balaena_mysticetus,Physeter_catodon,0,0.180843,-0.022333,0.0141232,0
4695001,Orcaella_brevirostris,Lagenorhynchus_albirostris,25.751,1.08562,-0.208067,0.0457689,0
4715001,Balaena_mysticetus,Physeter_catodon,0,0.298447,-0.0478034,0.0486368,0
4715001,Balaena_mysticetus,Eubalaena_australis,8.21,0.187687,-0.0164249,0.330146,0
4715001,Orcinus_orca,Orcaella_brevirostris,23.0956,1.24169,-0.156824,0.176064,0
4735001,Balaena_mysticetus,Physeter_catodon,0,0.300344,-0.0388696,0.0613475,0
4735001,Orcaella_brevirostris,Lagenorhynchus_albirostris,25.5919,0.45479,-0.15517,0.012806,0
4755001,Balaena_mysticetus,Physeter_catodon,0,0.277294,-0.0323626,0.0715269,0
4755001,Orcinus_orca,Orcaella_brevirostris,22.132,0.704886,-0.0646137,0.092201,0
4775001,Balaena_mysticetus,Physeter_catodon,0,0.167717,-0.0262516,0.0245324,0
4775001,Orcaella_brevirostris,Lagenorhynchus_albirostris,25.6605,0.53119,-0.130992,0.024585,0
4795001,Balaena_mysticetus,Physeter_catodon,0,0.100585,-0.00688218,0.0357184,0
4795001,Orcinus_orca,Orcaella_brevirostris,24.5955,1.20703,-0.178508,0.215563,0
4815001,Balaena_mysticetus,Physeter_catodon,0,0.347606,-0.046803,0.0202397,0
4815001,Inia_geoffrensis,NA,28.3462,0.0129993,-0.134914,0.16069,0
4815001,Orcinus_orca,Orcaella_brevirostris,24.8781,1.03195,-0.206155,0.124508,0
4835001,Balaena_mysticetus,Physeter_catodon,0,0.315991,-0.0540869,0.0189991,0
4835001,Orcaella_brevirostris,Lagenorhynchus_albirostris,26.2303,1.56125,-0.267205,0.0472297,0
4855001,Balaena_mysticetus,Physeter_catodon,0,0.368269,-0.0319742,0.107783,0
4855001,Balaenoptera_borealis,NA,32.7966,0.432779,0.162773,0.510879,0
4855001,Lagenorhynchus_albirostris,Lagenorhynchus_acutus,26.9249,0.923375,-0.178691,0.0293686,0
4855001,Orcaella_brevirostris,Lagenorhynchus_albirostris,26.0194,1.25202,-0.270015,0.252844,0
4875001,Balaena_mysticetus,Physeter_catodon,0,0.278245,-0.0401978,0.0444453,0
4875001,Orcinus_orca,Orcaella_brevirostris,24.7115,0.559572,-0.15178,0.0110252,0
4895001,Balaena_mysticetus,Physeter_catodon,0,0.229373,-0.02874,0.0157092,0
4895001,Balaena_mysticetus,NA,28.9253,0.889919,-0.131795,1.29743,0
4895001,Physeter_catodon,NA,19.4848,0.630076,0.0356203,1.10464,0
4895001,Orcaella_brevirostris,Lagenorhynchus_albirostris,25.8038,1.68001,-0.219649,0.219177,0
4915001,Balaena_mysticetus,Physeter_catodon,0,0.174041,-0.0442603,0.00334905,0
4915001,Mesoplodon_bidens,Mesoplodon_traversii,21.9239,1.0013,-0.198332,0.0838078,0
4915001,Orcaella_brevirostris,Lagenorhynchus_albirostris,26.209,1.27439,-0.272447,0.0372728,0
4935001,Balaena_mysticetus,Physeter_catodon,0,0.0994126,-0.0123555,0.00117256,0
4935001,Orcaella_brevirostris,Lagenorhynchus_albirostris,26.1788,1.42585,-0.269965,0.165697,0
4955001,Balaena_mysticetus,Physeter_catodon,0,0.124875,-0.0141247,0.00392291,0
4955001,Orcaella_brevirostris,Lagenorhynchus_albirostris,26.3376,0.95969,-0.212552,0.024669,0
4975001,Balaena_mysticetus,Physeter_catodon,0,0.142901,-0.0211794,0.00277697,0
4975001,Orcaella_brevirostris,Lagenorhynchus_albirostris,26.38,0.860435,-0.167053,0.0108231,0
4995001,Balaena_mysticetus,Physeter_catodon,0,0.191557,-0.0333939,0.00127319,0
4995001,Physeter_catodon,NA,33.0246,0.177642,-0.0825875,2.1395,0
4995001,Lagenorhynchus_albirostris,Lagenorhynchus_acutus,26.5703,1.32197,-0.275612,0.130875,0
